time_s,truth_m,sensor_a_m,sensor_b_m,filtered_a_m,filtered_b_m,estimate_m
0.0,2.8,2.7600000000000002,2.88,2.7600000000000002,2.88,2.85
0.05,2.8,2.69,,2.725,2.88,2.84125
0.1,2.8,3.08,,2.8433333333333337,2.88,2.8708333333333336
0.15000000000000002,2.8,2.58,,2.783333333333333,2.88,2.8558333333333334
0.2,2.8,2.68,2.86,2.78,2.8729999999999998,2.84975
0.25,2.8,2.47,,2.5766666666666667,2.8729999999999998,2.7989166666666665
0.30000000000000004,2.8,3.2,,2.7833333333333337,2.8729999999999998,2.8505833333333332
0.35000000000000003,2.8,3.0300000000000002,,2.9000000000000004,2.8729999999999998,2.87975
0.4,2.8,2.66,2.84,2.9633333333333334,2.8614499999999996,2.886920833333333
0.45,2.8,2.89,,2.86,2.8614499999999996,2.8610874999999996
0.5,2.8,2.86,,2.8033333333333332,2.8614499999999996,2.846920833333333
0.55,2.8,2.88,,2.8766666666666665,2.8614499999999996,2.8652541666666664
0.6000000000000001,2.8,2.63,2.84,2.7899999999999996,2.8539424999999996,2.8379568749999997
0.65,2.8,2.63,,2.7133333333333334,2.8539424999999996,2.818790208333333
0.7000000000000001,2.8,2.75,,2.67,2.8539424999999996,2.807956875
0.75,2.8,2.88,,2.7533333333333334,2.8539424999999996,2.8287902083333334
0.8,2.8,2.87,,2.8333333333333335,2.8539424999999996,2.8487902083333334
0.8500000000000001,2.8,2.88,,2.8766666666666665,2.8539424999999996,2.8596235416666667
0.9,2.8,2.79,,2.8466666666666662,2.8539424999999996,2.8521235416666664
0.9500000000000001,2.8,2.56,,2.7433333333333336,2.8539424999999996,2.8262902083333334
1.0,2.8,2.63,2.82,2.66,2.8420626249999996,2.7965469687499995
1.05,2.8,2.95,,2.7133333333333334,2.8420626249999996,2.8098803020833327
1.1,2.8,2.68,,2.7533333333333334,2.8420626249999996,2.819880302083333
1.1500000000000001,2.8,2.46,,2.6966666666666668,2.8420626249999996,2.8057136354166663
1.2000000000000002,2.8,3.0500000000000003,2.84,2.7300000000000004,2.8413407062499996,2.8135055296875
1.25,2.8,2.72,,2.7433333333333336,2.8413407062499996,2.816838863020833
1.3,2.8,3.0500000000000003,,2.94,2.8413407062499996,2.8660055296874996
1.35,2.8,2.7800000000000002,,2.85,2.8413407062499996,2.8435055296874996
1.4000000000000001,2.8,3.93,2.94,3.253333333333334,2.8758714590624996,2.970236927630208
1.4500000000000002,2.8,2.89,,3.2000000000000006,2.8758714590624996,2.956903594296875
1.5,2.8,2.69,,3.17,2.8758714590624996,2.9494035942968746
1.55,2.8,3.16,,2.9133333333333336,2.8758714590624996,2.885236927630208
1.6,2.8,2.81,2.82,2.8866666666666667,2.8563164483906247,2.863904002959635
1.6500000000000001,2.8,3.08,,3.016666666666667,2.8563164483906247,2.896404002959635
1.7000000000000002,2.8,2.62,,2.8366666666666664,2.8563164483906247,2.851404002959635
1.75,2.8,2.67,,2.7900000000000005,2.8563164483906247,2.8397373362929685
1.8,2.8,2.88,2.2800000000000002,2.723333333333333,2.6546056914539062,2.671787601923763
1.85,2.8,2.68,,2.7433333333333336,2.6546056914539062,2.6767876019237633
1.9000000000000001,2.8,2.85,,2.8033333333333332,2.6546056914539062,2.691787601923763
1.9500000000000002,2.8,2.72,,2.75,2.6546056914539062,2.67845426859043
2.0,2.8,3.0100000000000002,2.96,2.86,2.7614936994450394,2.786120274583779
2.0500000000000003,2.8,3.0500000000000003,,2.926666666666667,2.7614936994450394,2.8027869412504463
2.1,2.8,2.84,,2.966666666666667,2.7614936994450394,2.812786941250446
2.15,2.8,2.69,,2.86,2.7614936994450394,2.786120274583779
2.2,2.8,2.64,2.94,2.723333333333333,2.8239709046392756,2.79881151181279
2.25,2.8,3.06,,2.796666666666667,2.8239709046392756,2.8171448451461236
2.3000000000000003,2.8,2.2800000000000002,,2.66,2.8239709046392756,2.782978178479457
2.35,2.8,2.71,,2.6833333333333336,2.8239709046392756,2.7888115118127903
2.4000000000000004,2.8,2.82,2.84,2.6033333333333335,2.829581088015529,2.77301914934498
2.45,2.8,2.86,,2.796666666666667,2.829581088015529,2.8213524826783134
2.5,2.8,2.83,,2.8366666666666664,2.829581088015529,2.831352482678313
2.5500000000000003,2.8,2.52,,2.736666666666667,2.829581088015529,2.8063524826783133
2.6,2.8,2.7800000000000002,2.88,2.7100000000000004,2.847227707210094,2.8129207804075707
2.6500000000000004,2.8,2.0100000000000002,,2.436666666666667,2.847227707210094,2.7445874470742373
2.7,2.8,2.7800000000000002,,2.5233333333333334,2.847227707210094,2.766254113740904
2.75,2.8,3.15,,2.646666666666667,2.847227707210094,2.797087447074237
2.8000000000000003,2.8,3.0100000000000002,2.9,2.9800000000000004,2.865698009686561,2.894273507264921
2.85,2.8,3.4,,3.186666666666667,2.865698009686561,2.9459401739315876
2.9000000000000004,2.8,2.7600000000000002,,3.0566666666666666,2.865698009686561,2.9134401739315874
2.95,2.8,3.0300000000000002,,3.063333333333334,2.865698009686561,2.9151068405982543
3.0,2.8,2.61,2.86,2.8000000000000003,2.8637037062962643,2.8477777797221986
3.0500000000000003,2.8,2.5500000000000003,,2.7300000000000004,2.8637037062962643,2.8302777797221985
3.1,2.8,2.66,,2.606666666666667,2.8637037062962643,2.7994444463888652
3.1500000000000004,2.8,2.6,,2.6033333333333335,2.8637037062962643,2.798611113055532
3.2,2.8,2.93,2.9,2.7300000000000004,2.8764074090925718,2.839805556819429
3.25,2.8,2.92,,2.8166666666666664,2.8764074090925718,2.8614722234860954
3.3000000000000003,2.8,3.02,,2.956666666666667,2.8764074090925718,2.8964722234860956
3.35,2.8,2.95,,2.9633333333333334,2.8764074090925718,2.898138890152762
3.4000000000000004,2.8,2.57,2.7600000000000002,2.8466666666666662,2.835664815910172,2.8384152785992955
3.45,2.8,2.7600000000000002,,2.7600000000000002,2.835664815910172,2.816748611932629
3.5,2.8,2.92,,2.75,2.835664815910172,2.814248611932629
3.5500000000000003,2.8,3.13,,2.936666666666667,2.835664815910172,2.860915278599296
3.6,2.8,2.93,2.88,2.9933333333333336,2.851182130341612,2.886719931089542
3.6500000000000004,2.8,2.88,,2.98,2.851182130341612,2.8833865977562088
3.7,2.8,2.99,,2.9333333333333336,2.851182130341612,2.871719931089542
3.75,2.8,2.75,,2.8733333333333335,2.851182130341612,2.856719931089542
3.8000000000000003,2.8,2.59,2.7800000000000002,2.776666666666667,2.8262683847220478,2.8138679552082024
3.85,2.8,2.93,,2.7566666666666664,2.8262683847220478,2.808867955208202
3.9000000000000004,2.8,2.5500000000000003,,2.69,2.8262683847220478,2.7922012885415355
3.95,2.8,2.81,,2.7633333333333336,2.8262683847220478,2.810534621874869
4.0,2.8,3.52,2.94,2.9600000000000004,2.866074450069331,2.8895558375519985
4.05,2.8,2.96,,3.0966666666666662,2.866074450069331,2.9237225042186648
4.1000000000000005,2.8,2.72,,3.0666666666666664,2.866074450069331,2.916222504218665
4.15,2.8,2.86,,2.8466666666666662,2.866074450069331,2.8612225042186648
4.2,2.8,2.85,2.84,2.81,2.856948392545065,2.845211294408799
4.25,2.8,2.77,,2.8266666666666667,2.856948392545065,2.8493779610754655
4.3,2.8,3.08,,2.9,2.856948392545065,2.867711294408799
4.3500000000000005,2.8,2.72,,2.856666666666667,2.856948392545065,2.8568779610754658
4.4,2.8,2.68,2.74,2.8266666666666667,2.8160164551542923,2.818679008032386
4.45,2.8,2.98,,2.7933333333333334,2.8160164551542923,2.8103456746990525
4.5,2.8,3.14,,2.9333333333333336,2.8160164551542923,2.8453456746990526
4.55,2.8,2.48,,2.8666666666666667,2.8160164551542923,2.828679008032386
4.6000000000000005,2.8,3.0300000000000002,2.82,2.8833333333333333,2.81741069585029,2.8338913552210507
4.65,2.8,3.0100000000000002,,2.84,2.81741069585029,2.8230580218877175
4.7,2.8,2.64,,2.893333333333333,2.81741069585029,2.8363913552210507
4.75,2.8,2.85,,2.8333333333333335,2.81741069585029,2.821391355221051
4.800000000000001,2.8,2.7600000000000002,2.84,2.75,2.8253169523026886,2.8064877142270164
4.8500000000000005,2.8,2.67,,2.7600000000000002,2.8253169523026886,2.8089877142270163
4.9,2.8,1.84,,2.4233333333333333,2.8253169523026886,2.72482104756035
4.95,2.8,2.85,,2.4533333333333336,2.8253169523026886,2.7323210475603497
5.0,2.8,2.7800000000000002,2.9,2.49,2.8514560189967475,2.7610920142475606
5.050000000000001,2.8,2.87,,2.8333333333333335,2.8514560189967475,2.846925347580894
5.1000000000000005,2.8,2.93,,2.86,2.8514560189967475,2.8535920142475604
5.15,2.8,2.64,,2.813333333333334,2.8514560189967475,2.841925347580894
5.2,2.8,2.65,2.82,2.74,2.8404464123478856,2.8153348092609143
5.25,2.8,2.97,,2.7533333333333334,2.8404464123478856,2.8186681425942477
5.300000000000001,2.8,2.6,,2.74,2.8404464123478856,2.8153348092609143
5.3500000000000005,2.8,,,2.74,2.8404464123478856,2.8153348092609143
5.4,2.8,,2.7800000000000002,2.74,2.8192901680261255,2.7994676260195943
5.45,2.8,2.83,,2.8000000000000003,2.8192901680261255,2.8144676260195944
5.5,2.8,1.82,,2.4166666666666665,2.8192901680261255,2.718634292686261
5.550000000000001,2.8,2.8000000000000003,,2.4833333333333334,2.8192901680261255,2.7353009593529274
5.6000000000000005,2.8,2.81,2.72,2.476666666666667,2.7845386092169817,2.707570623579403
5.65,2.8,2.72,,2.776666666666667,2.7845386092169817,2.782570623579403
5.7,2.8,2.91,,2.813333333333334,2.7845386092169817,2.7917372902460698
5.75,2.8,2.99,,2.8733333333333335,2.7845386092169817,2.8067372902460694
5.800000000000001,2.8,2.94,2.9,2.9466666666666668,2.824950095991038,2.8553792386599453
5.8500000000000005,2.8,2.47,,2.8000000000000003,2.824950095991038,2.8187125719932786
5.9,2.8,2.69,,2.6999999999999997,2.824950095991038,2.7937125719932783
5.95,2.8,2.75,,2.6366666666666667,2.824950095991038,2.777879238659945
6.0,1.15,1.1,1.2,2.18,2.2562175623941747,2.237163171795631
6.050000000000001,1.15,1.1,,1.6500000000000001,2.2562175623941747,2.104663171795631
6.1000000000000005,1.15,1.11,,1.1033333333333335,2.2562175623941747,1.9679965051289643
6.15,1.15,1.34,,1.1833333333333333,2.2562175623941747,1.9879965051289643
6.2,1.15,1.27,1.1400000000000001,1.24,1.8655414155562136,1.7091560616671602
6.25,1.15,0.97,,1.1933333333333334,1.8655414155562136,1.6974893950004935
6.300000000000001,1.15,1.24,,1.16,1.8655414155562136,1.6891560616671601
6.3500000000000005,1.15,1.1400000000000001,,1.1166666666666667,1.8655414155562136,1.6783227283338267
6.4,1.15,1.03,1.22,1.1366666666666667,1.6396019201115388,1.5138681067503208
6.45,1.15,1.3900000000000001,,1.1866666666666668,1.6396019201115388,1.5263681067503208
6.5,1.15,1.3900000000000001,,1.2700000000000002,1.6396019201115388,1.5472014400836542
6.550000000000001,1.15,1.29,,1.3566666666666667,1.6396019201115388,1.5688681067503207
6.6000000000000005,1.15,1.04,1.24,1.24,1.4997412480725003,1.4348059360543752
6.65,1.15,1.29,,1.2066666666666668,1.4997412480725003,1.426472602721042
6.7,1.15,1.24,,1.1900000000000002,1.4997412480725003,1.4223059360543753
6.75,1.15,1.21,,1.2466666666666668,1.4997412480725003,1.436472602721042
6.800000000000001,1.15,1.3900000000000001,1.22,1.28,1.4018318112471253,1.371373858435344
6.8500000000000005,1.15,0.9400000000000001,,1.18,1.4018318112471253,1.346373858435344
6.9,1.15,1.18,,1.1700000000000002,1.4018318112471253,1.343873858435344
6.95,1.15,1.34,,1.1533333333333333,1.4018318112471253,1.3397071917686774
7.0,1.15,1.26,1.3,1.26,1.3661906773106316,1.3396430079829735
7.050000000000001,1.15,0.88,,1.16,1.3661906773106316,1.3146430079829736
7.1000000000000005,1.15,1.17,,1.1033333333333333,1.3661906773106316,1.300476341316307
7.15,1.15,1.1400000000000001,,1.0633333333333332,1.3661906773106316,1.290476341316307
7.2,1.15,1.24,1.28,1.1833333333333333,1.3360239402519105,1.2978512885222662
7.25,1.15,0.14,,0.84,1.3360239402519105,1.2120179551889327
7.300000000000001,1.15,2.04,,1.14,1.3360239402519105,1.2870179551889327
7.3500000000000005,1.15,1.32,,1.1666666666666667,1.3360239402519105,1.2936846218555995
7.4,1.15,0.98,1.24,1.4466666666666665,1.3024155611637418,1.3384783375394729
7.45,1.15,1.05,,1.1166666666666667,1.3024155611637418,1.255978337539473
7.5,1.15,1.26,,1.0966666666666667,1.3024155611637418,1.250978337539473
7.550000000000001,1.15,1.11,,1.14,1.3024155611637418,1.2618116708728062
7.6000000000000005,1.15,1.19,1.1400000000000001,1.1866666666666668,1.2455701147564322,1.230844252733991
7.65,1.15,1.01,,1.1033333333333333,1.2455701147564322,1.2100109194006574
7.7,1.15,0.9500000000000001,,1.05,1.2455701147564322,1.1966775860673242
7.75,1.15,1.34,,1.1,1.2455701147564322,1.2091775860673242
7.800000000000001,1.15,1.24,1.26,1.1766666666666667,1.250620574591681,1.2321320976104273
7.8500000000000005,1.15,1.3,,1.2933333333333332,1.250620574591681,1.261298764277094
7.9,1.15,1.21,,1.25,1.250620574591681,1.2504654309437608
7.95,1.15,1.09,,1.2,1.250620574591681,1.2379654309437607
8.0,1.15,1.08,1.22,1.1266666666666667,1.2399033734845926,1.2115941967801112
8.05,1.15,1.1300000000000001,,1.1,1.2399033734845926,1.2049275301134443
8.1,1.15,0.98,,1.0633333333333335,1.2399033734845926,1.1957608634467778
8.15,1.15,0.86,,0.9900000000000001,1.2399033734845926,1.1774275301134445
8.200000000000001,1.15,1.25,1.18,1.03,1.2189371927649852,1.1717028945737389
8.25,1.15,0.93,,1.0133333333333334,1.2189371927649852,1.1675362279070722
8.3,1.15,1.18,,1.1199999999999999,1.2189371927649852,1.1942028945737388
8.35,1.15,1.24,,1.1166666666666667,1.2189371927649852,1.1933695612404056
8.4,1.15,1.32,1.3,1.2466666666666668,1.2473091752972403,1.247148548139597
8.450000000000001,1.15,1.1300000000000001,,1.2300000000000002,1.2473091752972403,1.2429818814729303
8.5,1.15,1.07,,1.1733333333333336,1.2473091752972403,1.2288152148062637
8.55,1.15,1.03,,1.0766666666666669,1.2473091752972403,1.204648548139597
8.6,1.15,1.1400000000000001,1.22,1.08,1.2377509639432063,1.1983132229574047
8.65,1.15,0.81,,0.9933333333333335,1.2377509639432063,1.176646556290738
8.700000000000001,1.15,,,0.9933333333333335,1.2377509639432063,1.176646556290738
8.75,1.15,0.9400000000000001,,0.9633333333333334,1.2377509639432063,1.169146556290738
8.8,1.15,1.07,1.3,0.9400000000000001,1.259538126563084,1.179653594922313
8.85,1.15,0.89,,0.9666666666666668,1.259538126563084,1.1863202615889796
8.9,1.15,1.11,,1.0233333333333334,1.259538126563084,1.2004869282556463
8.950000000000001,1.15,1.49,,1.1633333333333333,1.259538126563084,1.2354869282556464
9.0,1.15,1.28,1.12,1.2933333333333332,1.2106997822660048,1.2313581700328369
9.05,1.15,1.32,,1.3633333333333333,1.2106997822660048,1.248858170032837
9.1,1.15,1.02,,1.2066666666666668,1.2106997822660048,1.2096915033661704
9.15,1.15,1.6,,1.3133333333333335,1.2106997822660048,1.236358170032837
9.200000000000001,1.15,1.21,1.18,1.2766666666666666,1.1999548584729032,1.219132810521344
9.25,1.15,1.1,,1.3033333333333335,1.1999548584729032,1.2257994771880107
9.3,1.15,1.05,,1.12,1.1999548584729032,1.1799661438546774
9.35,1.15,1.23,,1.1266666666666667,1.1999548584729032,1.181632810521344
9.4,1.15,1.26,1.1400000000000001,1.18,1.178970658007387,1.1792279935055403
9.450000000000001,1.15,1.22,,1.2366666666666666,1.178970658007387,1.193394660172207
9.5,1.15,0.98,,1.1533333333333333,1.178970658007387,1.1725613268388737
9.55,1.15,1.21,,1.1366666666666667,1.178970658007387,1.168394660172207
9.600000000000001,1.15,1.08,1.18,1.09,1.1793309277048016,1.1569981957786013
9.65,1.15,1.12,,1.1366666666666667,1.1793309277048016,1.1686648624452678
9.700000000000001,1.15,1.29,,1.1633333333333333,1.1793309277048016,1.1753315291119346
9.75,1.15,1.2,,1.2033333333333334,1.1793309277048016,1.1853315291119346
9.8,1.15,1.12,1.24,1.2033333333333334,1.200565103008121,1.201257160589424
9.850000000000001,1.15,1.22,,1.18,1.200565103008121,1.1954238272560906
9.9,1.15,1.23,,1.1900000000000002,1.200565103008121,1.1979238272560908
9.950000000000001,1.15,0.93,,1.1266666666666667,1.200565103008121,1.1820904939227574
10.0,1.15,0.99,1.18,1.05,1.1933673169552788,1.1575254877164591
10.05,1.161,1.1400000000000001,,1.02,1.1933673169552788,1.150025487716459
10.100000000000001,1.1720000000000002,0.88,,1.0033333333333334,1.1933673169552788,1.1458588210497924
10.15,1.183,1.1500000000000001,,1.0566666666666669,1.1933673169552788,1.1591921543831258
10.200000000000001,1.1940000000000002,1.16,1.28,1.0633333333333332,1.2236887560209313,1.1835999003490318
10.25,1.2049999999999998,1.31,,1.2066666666666668,1.2236887560209313,1.2194332336823652
10.3,1.216,1.11,,1.1933333333333334,1.2236887560209313,1.2160999003490318
10.350000000000001,1.2270000000000003,1.57,,1.33,1.2236887560209313,1.2502665670156985
10.4,1.238,1.17,1.18,1.2833333333333334,1.2083976914136054,1.2271316018935374
10.450000000000001,1.249,1.1400000000000001,,1.2933333333333332,1.2083976914136054,1.2296316018935374
10.5,1.26,1.24,,1.1833333333333333,1.2083976914136054,1.2021316018935375
10.55,1.2710000000000001,1.54,,1.3066666666666666,1.2083976914136054,1.2329649352268708
10.600000000000001,1.2820000000000003,1.0,1.2,1.26,1.2054584994188435,1.2190938745641327
10.65,1.293,1.07,,1.2033333333333334,1.2054584994188435,1.204927207897466
10.700000000000001,1.3040000000000003,1.12,,1.0633333333333335,1.2054584994188435,1.169927207897466
10.75,1.315,1.32,,1.1700000000000002,1.2054584994188435,1.1965938745641327
10.8,1.326,1.59,1.42,1.3433333333333335,1.2805480246222483,1.2962443518000195
10.850000000000001,1.3370000000000002,1.43,,1.4466666666666665,1.2805480246222483,1.3220776851333529
10.9,1.348,1.24,,1.42,1.2805480246222483,1.315411018466686
10.950000000000001,1.3590000000000002,1.49,,1.3866666666666667,1.2805480246222483,1.3070776851333528
11.0,1.3699999999999999,1.02,1.42,1.25,1.3293562160044614,1.3095171620033461
11.05,1.381,1.3900000000000001,,1.3,1.3293562160044614,1.322017162003346
11.100000000000001,1.3920000000000003,1.3900000000000001,,1.2666666666666668,1.3293562160044614,1.3136838286700128
11.15,1.403,1.34,,1.3733333333333333,1.3293562160044614,1.3403504953366794
11.200000000000001,1.4140000000000001,1.3900000000000001,1.46,1.3733333333333333,1.3750815404029,1.3746444886355083
11.25,1.4249999999999998,1.46,,1.3966666666666667,1.3750815404029,1.3804778219688416
11.3,1.436,1.44,,1.43,1.3750815404029,1.388811155302175
11.350000000000001,1.4470000000000003,1.55,,1.4833333333333334,1.3750815404029,1.4021444886355083
11.4,1.458,1.3900000000000001,1.58,1.46,1.4468030012618849,1.4501022509464137
11.450000000000001,1.469,1.6500000000000001,,1.53,1.4468030012618849,1.4676022509464137
11.5,1.48,1.69,,1.5766666666666669,1.4468030012618849,1.4792689176130804
11.55,1.491,2.7600000000000002,,2.0333333333333337,1.4468030012618849,1.5934355842797472
11.600000000000001,1.5020000000000002,1.5,1.6400000000000001,1.9833333333333334,1.5144219508202252,1.6316497964485024
11.65,1.513,1.47,,1.9100000000000001,1.5144219508202252,1.613316463115169
11.700000000000001,1.524,1.57,,1.5133333333333334,1.5144219508202252,1.5141497964485024
11.75,1.535,1.6,,1.5466666666666669,1.5144219508202252,1.5224831297818358
11.8,1.546,2.11,1.62,1.76,1.5513742680331464,1.6035307010248596
11.850000000000001,1.5570000000000002,1.47,,1.7266666666666666,1.5513742680331464,1.5951973676915263
11.9,1.568,1.47,,1.6833333333333333,1.5513742680331464,1.584364034358193
11.950000000000001,1.5790000000000002,1.6500000000000001,,1.53,1.5513742680331464,1.5460307010248597
12.0,1.5899999999999999,1.6400000000000001,1.6400000000000001,1.5866666666666667,1.5823932742215452,1.5834616223328257
12.05,1.601,1.93,,1.7400000000000002,1.5823932742215452,1.621794955666159
12.100000000000001,1.612,1.6400000000000001,,1.7366666666666666,1.5823932742215452,1.6209616223328256
12.15,1.623,1.62,,1.7300000000000002,1.5823932742215452,1.619294955666159
12.200000000000001,1.6340000000000001,1.61,1.6400000000000001,1.6233333333333333,1.6025556282440045,1.6077500545163366
12.25,1.645,1.55,,1.5933333333333335,1.6025556282440045,1.6002500545163367
12.3,1.6560000000000001,1.6500000000000001,,1.6033333333333335,1.6025556282440045,1.6027500545163367
12.350000000000001,1.6670000000000003,1.97,,1.7233333333333334,1.6025556282440045,1.6327500545163367
12.4,1.678,1.79,1.8,1.8033333333333335,1.671661158358603,1.7045792021022856
12.450000000000001,1.689,1.75,,1.8366666666666667,1.671661158358603,1.712912535435619
12.5,1.7,1.71,,1.75,1.671661158358603,1.6912458687689522
12.55,1.711,1.43,,1.63,1.671661158358603,1.6612458687689522
12.600000000000001,1.7220000000000002,1.82,1.82,1.6533333333333333,1.723579752933092,1.7060181480331524
12.65,1.733,1.95,,1.7333333333333334,1.723579752933092,1.7260181480331525
12.700000000000001,1.7440000000000002,1.48,,1.75,1.723579752933092,1.730184814699819
12.75,1.755,1.31,,1.58,1.723579752933092,1.6876848146998191
12.8,1.766,1.87,1.76,1.5533333333333335,1.7363268394065097,1.6905784628882157
12.850000000000001,1.7770000000000001,1.69,,1.6233333333333333,1.7363268394065097,1.7080784628882155
12.9,1.788,1.8900000000000001,,1.8166666666666667,1.7363268394065097,1.7564117962215489
12.950000000000001,1.7990000000000002,1.85,,1.8099999999999998,1.7363268394065097,1.7547451295548822
13.0,1.81,1.9000000000000001,1.84,1.8800000000000001,1.7726124456142314,1.7994593342106735
13.05,1.8210000000000002,1.55,,1.7666666666666668,1.7726124456142314,1.7711260008773402
13.100000000000001,1.8320000000000003,2.0,,1.8166666666666667,1.7726124456142314,1.7836260008773401
13.15,1.843,2.13,,1.8933333333333333,1.7726124456142314,1.802792667544007
13.200000000000001,1.854,1.79,1.92,1.9733333333333334,1.8241980896492505,1.8614819005702712
13.25,1.8649999999999998,2.17,,2.03,1.8241980896492505,1.8756485672369378
13.3,1.8760000000000001,1.61,,1.8566666666666667,1.8241980896492505,1.8323152339036044
13.350000000000001,1.8870000000000002,1.93,,1.9033333333333333,1.8241980896492505,1.8439819005702711
13.4,1.8980000000000001,2.16,1.96,1.9000000000000001,1.8717287582720128,1.8787965687040096
13.450000000000001,1.9090000000000003,2.17,,2.0866666666666664,1.8717287582720128,1.925463235370676
13.5,1.92,2.23,,2.186666666666667,1.8717287582720128,1.9504632353706763
13.55,1.931,1.93,,2.11,1.8717287582720128,1.9312965687040093
13.600000000000001,1.9420000000000002,1.6400000000000001,1.98,1.9333333333333333,1.9096236928768082,1.9155511029909396
13.65,1.9529999999999998,2.2,,1.9233333333333336,1.9096236928768082,1.9130511029909396
13.700000000000001,1.9640000000000002,2.13,,1.9900000000000002,1.9096236928768082,1.9297177696576062
13.75,1.9749999999999999,2.11,,2.1466666666666665,1.9096236928768082,1.9688844363242728
13.8,1.9860000000000002,1.9000000000000001,2.0,2.0466666666666664,1.9412554003699254,1.9676082169441105
13.850000000000001,1.9970000000000003,1.98,,1.9966666666666668,1.9412554003699254,1.9551082169441107
13.9,2.008,2.0,,1.96,1.9412554003699254,1.945941550277444
13.950000000000001,2.019,1.77,,1.9166666666666667,1.9412554003699254,1.9351082169441107
14.0,2.03,1.58,2.08,1.7833333333333332,1.9898160102404516,1.938195341013672
14.05,2.041,2.52,,1.9566666666666668,1.9898160102404516,1.9815286743470055
14.100000000000001,2.0520000000000005,1.98,,2.026666666666667,1.9898160102404516,1.9990286743470054
14.15,2.0629999999999997,2.15,,2.216666666666667,1.9898160102404516,2.0465286743470052
14.200000000000001,2.0740000000000003,1.1400000000000001,2.14,1.7566666666666666,2.0423804066562936,1.9709519716588868
14.25,2.085,1.85,,1.7133333333333336,2.0423804066562936,1.9601186383255536
14.3,2.096,2.09,,1.6933333333333334,2.0423804066562936,1.9551186383255534
14.350000000000001,2.107,1.82,,1.92,2.0423804066562936,2.01178530499222
14.4,2.118,3.14,2.32,2.35,2.1395472643265907,2.192160448244943
14.450000000000001,2.129,2.37,,2.4433333333333334,2.1395472643265907,2.2154937815782763
14.5,2.1399999999999997,2.2800000000000002,,2.596666666666667,2.1395472643265907,2.25382711491161
14.55,2.151,2.23,,2.2933333333333334,2.1395472643265907,2.177993781578276
14.600000000000001,2.162,2.04,2.18,2.1833333333333336,2.153705721812284,2.1611126246925467
14.65,2.173,2.3000000000000003,,2.19,2.153705721812284,2.162779291359213
14.700000000000001,2.184,2.24,,2.1933333333333334,2.153705721812284,2.1636126246925462
14.75,2.195,2.31,,2.2833333333333337,2.153705721812284,2.1861126246925466
14.8,2.2060000000000004,2.16,2.38,2.236666666666667,2.232908719177985,2.233848206050155
14.850000000000001,2.2170000000000005,2.37,,2.28,2.232908719177985,2.2446815393834885
14.9,2.2279999999999998,2.38,,2.3033333333333332,2.232908719177985,2.250514872716822
14.950000000000001,2.239,2.39,,2.3800000000000003,2.232908719177985,2.269681539383489
15.0,2.25,2.12,2.34,2.296666666666667,2.27039066746569,2.2769596672659342
15.05,2.254,2.5300000000000002,,2.346666666666667,2.27039066746569,2.2894596672659344
15.100000000000001,2.258,2.06,,2.236666666666667,2.27039066746569,2.261959667265934
15.15,2.262,3.17,,2.5866666666666664,2.27039066746569,2.349459667265934
15.200000000000001,2.266,1.83,2.3000000000000003,2.3533333333333335,2.2807539338526985,2.298898783722857
15.25,2.27,,,2.3533333333333335,2.2807539338526985,2.298898783722857
15.3,2.274,2.66,,2.5533333333333332,2.2807539338526985,2.348898783722857
15.350000000000001,2.278,2.2600000000000002,,2.25,2.2807539338526985,2.273065450389524
15.4,2.282,2.43,2.36,2.45,2.308490057004254,2.3438675427531903
15.450000000000001,2.286,2.23,,2.3066666666666666,2.308490057004254,2.308034209419857
15.5,2.29,2.35,,2.3366666666666664,2.308490057004254,2.315534209419857
15.55,2.294,2.27,,2.283333333333333,2.308490057004254,2.302200876086524
15.600000000000001,2.298,2.18,2.3000000000000003,2.266666666666667,2.305518537052765,2.2958055694562405
15.65,2.302,2.6,,2.35,2.305518537052765,2.316638902789574
15.700000000000001,2.306,2.41,,2.396666666666667,2.305518537052765,2.3283055694562407
15.75,2.31,2.0,,2.3366666666666664,2.305518537052765,2.3133055694562406
15.8,2.314,2.38,2.42,2.263333333333333,2.3455870490842976,2.3250236201465566
15.850000000000001,2.318,2.29,,2.223333333333333,2.3455870490842976,2.3150236201465564
15.9,2.322,2.19,,2.2866666666666666,2.3455870490842976,2.33085695347989
15.950000000000001,2.326,2.22,,2.2333333333333334,2.3455870490842976,2.3175236201465568
16.0,2.33,2.14,2.36,2.1833333333333336,2.3506315819047936,2.308807019761929
16.05,2.334,1.96,,2.106666666666667,2.3506315819047936,2.289640353095262
16.1,2.338,2.46,,2.186666666666667,2.3506315819047936,2.309640353095262
16.150000000000002,2.342,2.39,,2.27,2.3506315819047936,2.3304736864285953
16.2,2.346,2.21,2.36,2.3533333333333335,2.353910528238116,2.3537662295119204
16.25,2.35,2.25,,2.283333333333333,2.353910528238116,2.3362662295119203
16.3,2.354,2.29,,2.25,2.353910528238116,2.327932896178587
16.35,2.358,2.49,,2.3433333333333333,2.353910528238116,2.3512662295119204
16.400000000000002,2.362,2.68,2.4,2.486666666666667,2.3700418433547754,2.3991980491827483
16.45,2.366,2.5500000000000003,,2.5733333333333337,2.3700418433547754,2.420864715849415
16.5,2.37,2.43,,2.5533333333333332,2.3700418433547754,2.415864715849415
16.55,2.374,2.27,,2.4166666666666665,2.3700418433547754,2.381698049182748
16.6,2.378,2.6,2.44,2.4333333333333336,2.394527198180604,2.4042287319687863
16.650000000000002,2.382,2.34,,2.4033333333333333,2.394527198180604,2.3967287319687864
16.7,2.386,2.04,,2.3266666666666667,2.394527198180604,2.3775620653021194
16.75,2.39,2.12,,2.1666666666666665,2.394527198180604,2.3375620653021194
16.8,2.394,2.32,2.5,2.16,2.4314426788173926,2.3635820091130446
16.85,2.398,2.41,,2.283333333333333,2.4314426788173926,2.394415342446378
16.900000000000002,2.402,2.4,,2.3766666666666665,2.4314426788173926,2.4177486757797113
16.95,2.406,2.34,,2.3833333333333333,2.4314426788173926,2.419415342446378
17.0,2.41,,2.46,2.3833333333333333,2.4414377412313053,2.4269116392568124
17.05,2.414,2.2800000000000002,,2.34,2.4414377412313053,2.416078305923479
17.1,2.418,2.5300000000000002,,2.3833333333333333,2.4414377412313053,2.4269116392568124
17.150000000000002,2.422,2.65,,2.486666666666667,2.4414377412313053,2.452744972590146
17.2,2.426,2.32,2.44,2.5,2.4409345318003486,2.4557008988502615
17.25,2.43,2.47,,2.48,2.4409345318003486,2.4507008988502617
17.3,2.434,2.5500000000000003,,2.4466666666666668,2.4409345318003486,2.4423675655169284
17.35,2.438,2.5100000000000002,,2.5100000000000002,2.4409345318003486,2.4582008988502615
17.400000000000002,2.442,2.34,2.5,2.466666666666667,2.461607445670227,2.462872250919337
17.45,2.4459999999999997,2.57,,2.473333333333333,2.461607445670227,2.4645389175860033
17.5,2.45,2.5100000000000002,,2.473333333333333,2.461607445670227,2.4645389175860033
17.55,2.454,2.2800000000000002,,2.4533333333333336,2.461607445670227,2.4595389175860034
17.6,2.458,2.71,,2.5,2.461607445670227,2.47120558425267
17.650000000000002,2.462,2.47,,2.486666666666667,2.461607445670227,2.4678722509193367
17.7,2.4659999999999997,2.08,,2.42,2.461607445670227,2.45120558425267
17.75,2.47,2.5,,2.35,2.461607445670227,2.43370558425267
17.8,2.474,2.65,2.48,2.41,2.4680448396856476,2.4535336297642356
17.85,2.478,2.66,,2.6033333333333335,2.4680448396856476,2.501866963097569
17.900000000000002,2.482,2.56,,2.6233333333333335,2.4680448396856476,2.506866963097569
17.95,2.4859999999999998,2.35,,2.5233333333333334,2.4680448396856476,2.481866963097569
18.0,2.49,2.2,2.5,2.37,2.4792291457956708,2.4519218593467533
18.05,2.494,1.95,,2.1666666666666665,2.4792291457956708,2.4010885260134196
18.1,2.498,2.62,,2.256666666666667,2.4792291457956708,2.42358852601342
18.150000000000002,2.5020000000000002,2.57,,2.38,2.4792291457956708,2.454421859346753
18.2,2.506,2.61,2.58,2.6,2.514498944767186,2.5358742085753896
18.25,2.51,3.45,,2.8766666666666665,2.514498944767186,2.605040875242056
18.3,2.5140000000000002,2.34,,2.8000000000000003,2.514498944767186,2.5858742085753894
18.35,2.5180000000000002,2.41,,2.733333333333333,2.514498944767186,2.569207541908723
18.400000000000002,2.5220000000000002,2.48,2.68,2.41,2.572424314098671,2.5318182355740033
18.45,2.526,2.57,,2.486666666666667,2.572424314098671,2.55098490224067
18.5,2.5300000000000002,1.6400000000000001,,2.23,2.572424314098671,2.4868182355740034
18.55,2.5340000000000003,2.65,,2.2866666666666666,2.572424314098671,2.50098490224067
18.6,2.5380000000000003,2.54,2.52,2.276666666666667,2.5540758041641363,2.484723519789769
18.650000000000002,2.5420000000000003,2.5500000000000003,,2.58,2.5540758041641363,2.560556853123102
18.7,2.546,2.47,,2.52,2.5540758041641363,2.5455568531231023
18.75,2.55,2.57,,2.53,2.5540758041641363,2.5480568531231023
18.8,2.5540000000000003,2.64,2.72,2.56,2.612149272706689,2.5991119545300165
18.85,2.5580000000000003,2.6,,2.6033333333333335,2.612149272706689,2.60994528786335
18.900000000000002,2.5620000000000003,2.69,,2.643333333333333,2.612149272706689,2.61994528786335
18.95,2.566,3.0,,2.763333333333333,2.612149272706689,2.64994528786335
19.0,2.57,2.56,2.68,2.75,2.6358970272593476,2.664422770444511
19.05,2.574,2.72,,2.7600000000000002,2.6358970272593476,2.666922770444511
19.1,2.5780000000000003,2.57,,2.6166666666666667,2.6358970272593476,2.6310894371111773
19.150000000000002,2.5820000000000003,2.61,,2.6333333333333333,2.6358970272593476,2.635256103777844
19.200000000000003,2.5860000000000003,2.46,2.68,2.5466666666666664,2.651333067718576,2.6251664674555983
19.25,2.59,2.5,,2.5233333333333334,2.651333067718576,2.6193331341222654
19.3,2.5940000000000003,2.72,,2.56,2.651333067718576,2.6284998007889318
19.35,2.5980000000000003,2.31,,2.5100000000000002,2.651333067718576,2.615999800788932
19.400000000000002,2.6020000000000003,3.84,2.7800000000000002,2.956666666666667,2.696366494017074,2.7614415371794725
19.450000000000003,2.6060000000000003,2.67,,2.94,2.696366494017074,2.7572748705128056
19.5,2.61,1.59,,2.6999999999999997,2.696366494017074,2.6972748705128056
19.55,2.614,2.71,,2.3233333333333333,2.696366494017074,2.603108203846139
19.6,2.6180000000000003,2.5300000000000002,,2.276666666666667,2.696366494017074,2.5914415371794726
19.650000000000002,2.6220000000000003,2.37,,2.5366666666666666,2.696366494017074,2.6564415371794725
19.700000000000003,2.6260000000000003,2.4,,2.4333333333333336,2.696366494017074,2.630608203846139
19.75,2.63,3.02,,2.5966666666666667,2.696366494017074,2.671441537179472
19.8,2.634,2.82,2.74,2.7466666666666666,2.711638221111098,2.72039533249999
19.85,2.638,2.59,,2.81,2.711638221111098,2.7362286658333237
19.900000000000002,2.6420000000000003,2.73,,2.7133333333333334,2.711638221111098,2.712061999166657
19.950000000000003,2.6460000000000004,2.88,,2.733333333333333,2.711638221111098,2.7170619991666567
