route_point,x,y
0,0.0,0.0
1,0,0
2,-0.0151,0.0056
3,0.0221,0.0056
4,0.0909,0.0056
5,0.1271,0.0056
6,0.1649,0.0056
7,0.2008,0.0056
8,0.2358,0.0056
9,0.2959,0.0081
10,0.3455,0.0171
11,0.3876,0.0243
12,0.4302,0.0337
13,0.4692,0.0445
14,0.5127,0.0626
15,0.5517,0.0769
16,0.5864,0.0894
17,0.6207,0.1056
18,0.657,0.1231
19,0.6905,0.142
20,0.7215,0.1583
21,0.7592,0.1719
22,0.7932,0.1809
23,0.8341,0.1941
24,0.8675,0.2074
25,0.9039,0.2243
26,0.9416,0.245
27,0.982,0.256
28,1.0147,0.2713
29,1.0522,0.29
30,1.0873,0.3096
31,1.119,0.3275
32,1.1487,0.3481
33,1.1536,0.394
34,1.1545,0.4371
35,1.1512,0.4794
36,1.15,0.5267
37,1.15,0.5779
38,1.1484,0.6246
39,1.1397,0.6751
40,1.1238,0.733
41,1.1059,0.7902
42,1.0939,0.8502
43,1.0874,0.8999
44,1.0826,0.9361
45,1.0734,0.9781
46,1.0666,1.0233
47,1.0727,1.0603
48,1.1166,1.0608
49,1.1556,1.0608
50,1.2082,1.0529
51,1.2449,1.0293
52,1.2758,0.9981
53,1.3048,0.9647
54,1.3328,0.9401
55,1.3651,0.9259
56,1.4017,0.9169
57,1.4478,0.9099
58,1.4927,0.9037
59,1.5362,0.9021
60,1.5864,0.9021
61,1.6328,0.9021
62,1.669,0.9094
63,1.7177,0.9338
64,1.7649,0.9614
65,1.7976,0.9805
66,1.8304,1.0071
67,1.8564,1.0364
68,1.8846,1.0608
69,1.8961,1.1045
70,1.9248,1.1799
71,1.9452,1.2321
72,1.9626,1.2806
73,1.9745,1.3216
74,1.9832,1.3568
75,1.9877,1.3973
76,1.9803,1.4365
77,1.9611,1.469
78,1.9433,1.5039
79,1.9214,1.5401
80,1.8955,1.5799
81,1.8701,1.6229
82,1.8449,1.6647
83,1.8184,1.7056
84,1.7938,1.7476
85,1.7682,1.7921
86,1.7395,1.835
87,1.7073,1.8686
88,1.55,2.05
