time,true_x,true_y,true_theta,odom_x,odom_y,odom_theta
0,0,0,2.7864556882564506,0,0,2.7864556882564506
0.1,-0.010897877943757172,0.006026432717910819,2.4864556882564504,-0.01099688411830931,0.006102739766614075,2.4834556882564507
0.2,-0.019528085755237862,0.015004246934700599,2.18645568825645,-0.019671846832637386,0.015208777042814639,2.1804556882564508
0.3,-0.025119712673569373,0.02613148124456958,1.8864556882564498,-0.025234523234839566,0.02648847226098961,1.8774556882564508
0.4,-0.027173275319406796,0.038414172946316244,1.5864556882564496,-0.027178104896056175,0.03891414662082695,1.5744556882564509
0.5,-0.025505335057622914,0.050755145771164994,1.2864556882564493,-0.025325514543251583,0.05135371260824113,1.271455688256451
0.6,-0.020264884024257777,0.06205201737118936,0.986455688256449,-0.019845539346151086,0.06267381706048447,0.968455688256451
0.7000000000000001,-0.01121457596232649,0.07199100043034191,0.6952028168000993,-0.010510982484427877,0.07253092736917525,0.6742902880855378
0.8,0.005282342778178336,0.0821306088601832,0.4233719523390317,0.006374612269720765,0.08239634562498475,0.3997411149798596
0.9,0.02913212621328775,0.08924708573652912,0.1671057208043183,0.030633478646166605,0.08898008755241302,0.14091222112979906
1,0.05934766135663137,0.09039015439155357,-0.08853386405008325,0.061169735917322,0.08929541585478487,-0.11728375957314648
1.1,0.0959779383546229,0.08555502109370164,-0.21606060981863096,0.09800763428422979,0.08333479503785489,-0.24608577279937965
1.2,0.13824062712541102,0.07498602933335756,-0.2743573880940636,0.14034945976099406,0.07137129953929157,-0.3049655188575667
1.3,0.18416326860512486,0.06184238122201645,-0.269067364679176,0.18630264864918739,0.056680983248550566,-0.29962259520853024
1.4000000000000001,0.23014476368584316,0.05038975805652194,-0.21445176936542815,0.2323718581525228,0.043712006150864485,-0.24446084394164486
1.5,0.2747552190803405,0.042610491264695474,-0.13520377845377446,0.2771758795637156,0.03452538327111904,-0.16442037312087462
1.6,0.3186923244778214,0.03834689671291737,-0.0556520331475599,0.32140937493421096,0.028941711504096433,-0.08407311036159794
1.7,0.36145711785067036,0.038039030262935945,0.02669795022521752,0.3645759326665566,0.02742441131178206,-0.0008996271550927243
1.8,0.4038732207668011,0.04122421302066617,0.1196194187785381,0.4074872187741605,0.029478769894639014,0.09295105608376104
1.9000000000000001,0.44644191370765157,0.04826597851801663,0.20643919814263587,0.450652878674026,0.03546104153678993,0.1806390332414998
2,0.4890263399992231,0.059300730574818605,0.2825430422311253,0.4939313163693423,0.04551320506918388,0.25750391577087417
2.1,0.531411881421925,0.07393611975586768,0.3588007885834715,0.5370902360040288,0.0592399777697299,0.3345242395867437
2.2,0.5734281456897363,0.09245258993290358,0.4734031323519167,0.5799579743322171,0.07693004370890684,0.4502726067928734
2.3000000000000003,0.6160754091709592,0.1143309082059504,0.48545770041660213,0.6235310872458172,0.09802524129197418,0.46244772053820565
2.4,0.6596627062059469,0.13743107233431143,0.4846136592927743,0.6680789837812685,0.12033818485994811,0.4615952390031395
2.5,0.7033234060439734,0.1595369341006491,0.46396659850679994,0.7126818789842829,0.14163712060678324,0.44074170760930537
2.6,0.7476864622167783,0.18083146891715776,0.4415759414402889,0.7579792936935567,0.16209080908466095,0.4181271439721292
2.7,0.7926034632861116,0.20205104530040488,0.4431095402352258,0.8038355436746201,0.18245289573600357,0.41967607875501545
2.8000000000000003,0.8373802778326309,0.22298688691804036,0.4302921230543818,0.8495443100835978,0.20252998479646966,0.406730487402363
2.9,0.8825451406288617,0.24352833087576803,0.42794844448730773,0.8956376204542884,0.2221947957032776,0.4043633720496182
3,0.927726697929678,0.2641960464044482,0.44102085605785213,0.9417503632399711,0.24198770890579194,0.41756650773586795
3.1,0.9721660753383827,0.2853597892025014,0.4525146196338058,0.9871223688513538,0.2623061367534541,0.42917520894758115
3.2,1.0155039302929607,0.3074978295663035,0.48136482757376664,1.0313992268862233,0.2836466904206763,0.4583139189669415
3.3000000000000003,1.0495708728803916,0.328648019841437,0.6121914061240414,1.066274301039412,0.30423525959851044,0.5904487633027192
3.4,1.0777560137007514,0.35106586712346494,0.7372642860474152,1.0952131958695916,0.3262699586340418,0.7167723720253267
3.5,1.1012125537299926,0.3752298024734203,0.891114461614575,1.1193839837541226,0.35019983893154594,0.8721610493481581
3.6,1.1208002877187797,0.4019137516007826,0.9949705421761699,1.1396622587742524,0.3767799834732872,0.977055690715369
3.7,1.1370118937513858,0.43140852134249835,1.1357451951186017,1.1565450578775873,0.4062833948256787,1.1192380901872248
3.8000000000000003,1.1498753334847458,0.463369062178969,1.2435447666512265,1.1700512494278996,0.43835145350488436,1.2281156574351755
3.9,1.1589300358818262,0.4982652280642611,1.3692205937120174,1.179713290131293,0.4734578837849936,1.355048242766574
4,1.1641547328895685,0.5350957767286249,1.4867980915464378,1.1854942696735415,0.5105811096223803,1.4738015155793387
4.1,1.1655774698397392,0.5734447600266799,1.5771855460732802,1.1874163144873577,0.5492923012027225,1.5650928446514492
4.2,1.1626913590691237,0.6134591898649197,1.679247876239648,1.1849637396279973,0.5897373458748877,1.668175798119481
4.3,1.156265310619046,0.6539821195676762,1.7735104866176563,1.1789070450343437,0.6307313847510504,1.7633810346012693
4.4,1.1463194816074191,0.6953519560565857,1.835739389089106,1.1692716235968896,0.6726112118425447,1.8262322260974335
4.5,1.1319523088690204,0.7394477776563148,1.9009433759907421,1.1551625255618507,0.717276797523847,1.8920882528680858
4.6000000000000005,1.1155649460122168,0.7853046614398851,1.9188788939004813,1.1390159957277408,0.7637348698511077,1.9102031259569225
4.7,1.0990062456676988,0.8317833419694092,1.9092827749715664,1.12270235493822,0.8108226093464701,1.9005110458387184
4.8,1.0836750625843483,0.8780427991663177,1.8618517512458483,1.1076369461765065,0.8576814319862732,1.8526057118757429
4.9,1.0700910416820713,0.9240288464741317,1.7998933581358807,1.0943489213978455,0.9042525986557763,1.7900277348346756
5,1.062647895818711,0.9615615004328932,1.6713081200940487,1.087218532432686,0.9422342184788962,1.6601566444124254
5.1000000000000005,1.0627352713166744,0.9836288276521965,1.4820065626056442,1.087578589341317,0.9645189112709535,1.468962071349137
5.2,1.066394821295976,1.004406049063458,1.2912810936445285,1.091565927777723,0.9854498316342394,1.27632934769841
5.3,1.073549799767125,1.0224467236959687,1.102372642281833,1.0990816128415646,1.0035529426253944,1.0855318118220878
5.4,1.0839259234291612,1.0389522367181174,0.9030183889377786,1.1098556579064798,1.0200340924585456,0.884184015944593
5.5,1.0970571773087379,1.052592419948796,0.7136359653173749,1.123388264878932,1.0335447223506133,0.6929077680879853
5.6000000000000005,1.1146553782397333,1.0651482552206961,0.5291472922036363,1.1414325140746502,1.0458376978280903,0.5065742082431092
5.7,1.13407968919825,1.0740021218742895,0.3373714204513412,1.1612558727059976,1.054314619270769,0.31288057777329104
5.8,1.1564879627933187,1.079727083362752,0.16600760080586463,1.184027033200884,1.0595208751866876,0.1398031199313596
5.9,1.1814769697345178,1.0816474809004217,-0.031072948600444558,1.2093084841807535,1.0607759017359386,-0.05924823496901271
6,1.20881928627126,1.0790307356185052,-0.1677902464257556,1.2368361242410988,1.0573384073675445,-0.19733270577257686
6.1000000000000005,1.2378961155628092,1.071520181570505,-0.32481861836788284,1.2659588740074925,1.0488640653473893,-0.35593136143412535
6.2,1.2693772644716848,1.058442696842387,-0.48422499703887784,1.2973182405640324,1.034651737137711,-0.5169318038918305
6.3,1.3055232506840884,1.0375674645664341,-0.5621009518727773,1.3331074602504773,1.0123713320083507,-0.595586518274069
6.4,1.3458865777998157,1.0114307799171445,-0.573117433443066,1.3729642931500876,0.9846182350248516,-0.6067131646600606
6.5,1.3862709535312225,0.9874682603132423,-0.5138611968386133,1.4129259545745443,0.9590748532902308,-0.5468643656895635
6.6000000000000005,1.4254201282121872,0.9682451737866912,-0.43094033328676246,1.4518161977321853,0.9383877746323334,-0.46311429350219413
6.7,1.464995944374342,0.9528646799302596,-0.3412941423436263,1.4912773416036689,0.921599541440278,-0.37257164064962667
6.8,1.5046327378771214,0.9412266614960155,-0.24580235674562984,1.5309301843501606,0.9086211743879298,-0.2761249371956503
6.9,1.5418874979354533,0.9346539374754882,-0.13067132152742128,1.5683441755135767,0.9008716789604606,-0.1598425916252597
7,1.5786999922980056,0.9320622658822258,-0.008720715303480786,1.6054342629498228,0.897193208296713,-0.0366724793390798
7.1000000000000005,1.6152810373707043,0.933411664093569,0.08580111272847873,1.642404336102791,0.897539825502028,0.05879456697319932
7.2,1.651881557035213,0.939292134721869,0.20663095051031583,1.6795138058484846,0.9025059560409379,0.18083270313285482
7.3,1.6877667608247808,0.9493958881297737,0.32485590296114275,1.7160022555737584,0.9117970502201792,0.30023990510819004
7.4,1.7223321991354796,0.9635181092333404,0.44757648808585676,1.7512448359604467,0.9252188861062826,0.42418769608415124
7.5,1.7559828824105044,0.98220248677889,0.5615995192343336,1.7856528428450242,0.943310238466424,0.539350957544113
7.6000000000000005,1.7868565245309862,1.0040804575487337,0.6768414605317538,1.8173068574770683,0.9647248722971378,0.6557453182545073
7.7,1.8143578333166304,1.0287735135989695,0.7894418431455859,1.8455893028567016,0.9890884957702494,0.7694717046944777
7.8,1.8393244365134231,1.0564948932192657,0.8815581511698917,1.871346223940847,1.016590205083716,0.8625091757990268
7.9,1.861846687830306,1.0865285058971634,0.9745423938891912,1.8946535033704985,1.046495822098965,0.9564232609455193
8,1.8819659963308872,1.1208795819805195,1.078522190382806,1.9155763490091684,1.0808302505986043,1.0614428554040705
8.1,1.899487451222388,1.1582615025562073,1.1781840143840943,1.9338948208993767,1.1182877035780792,1.1621012976453715
8.2,1.9144380339708438,1.1987316563663064,1.2561657988148727,1.949634409043176,1.1589201198656425,1.2408628999204576
8.3,1.9266235232574174,1.2421052505348833,1.3311922496536366,1.9625927801670602,1.2025388891956865,1.3166396152676092
8.4,1.9359543694944954,1.287837343313372,1.3982519335657935,1.9726703802546188,1.2485898727869598,1.3843698960188877
8.5,1.9421294418381652,1.3337618185576003,1.459019775494866,1.9795324425386205,1.2948849696006983,1.445745416367251
8.6,1.9448859197053938,1.3775967748208684,1.5405423122926047,1.9828822302166818,1.3391187197455887,1.5280831785329672
8.700000000000001,1.9433894121741535,1.419151935714934,1.6806117200176607,1.9818659732896355,1.3811040030517316,1.6695532803352735
8.8,1.9379540073153911,1.4596264210895453,1.7799365690143807,1.9768189479210954,1.4220399484988482,1.7698713778219604
8.9,1.928690349513127,1.4993130499338263,1.834274017252231,1.9678584964029986,1.462213632385612,1.824752200542189
9,1.9153803830932892,1.5387126198933196,1.928670583469192,1.9547701292733575,1.5021250671247175,1.9200927324213195
9.1,1.8982274757381978,1.5779876003652815,2.0141932056361935,1.937765265676785,1.541930466871034,2.0064705808099914
9.200000000000001,1.877482443446661,1.6169970988265259,2.097514383452721,1.9170999160485662,1.5814809644692125,2.0906249704046846
9.3,1.8533349748600259,1.6559750292522706,2.15344582449499,1.892971879793403,1.621008783120507,2.147115725857377
9.4,1.8261730347086464,1.695492656188425,2.1850134049358743,1.8657837250018303,1.6610890871935777,2.17899898210267
9.5,1.797502270847725,1.7355403395677733,2.196627390153826,1.8370671642446172,1.7017086288642627,2.1907291071728
9.6,1.7683202048191473,1.7753029444367727,2.213079126519877,1.8078277430441683,1.7420398485965731,2.207345360902512
9.700000000000001,1.7386128541060577,1.8139963307749158,2.2376756515144356,1.778043020998586,1.7812877979376482,2.2321878511470152
9.8,1.7081932155638473,1.8521072268567582,2.248557359263501,1.7475282745811151,1.8199457648587687,2.243178375973571
9.9,1.677415865681713,1.8900316391055536,2.256580789711995,1.7166481053174574,1.8584148416514479,2.2512820407265495
10,1.6462996862780037,1.9277373715392165,2.264967891903165,1.6854214074445781,1.8966623213533038,2.2597530139396316
10.1,1.6148469926268865,1.9651828578902275,2.274054708940342,1.6538501506450258,1.9346459976461867,2.26893069914718
10.14,1.6021715382750665,1.9800727795300341,2.2780426182991516,1.6411248701281707,1.9497499676779648,2.272958487599577
